MSE,MAE,R2
3.5482558704238856,1.4968879893456455,0.8789444226854979
